{
  "culture": "en",
  "texts": {
    "Menu:Home": "Home",
    "Welcome": "Welcome",
    "LongWelcomeMessage": "Welcome to the application. This is a startup project based on the ABP framework. For more information, visit abp.io.",
    "Permission:ApplicationForms": "Application Details",
    "Permission:ApplicantDetails": "Applicant Details",
    "Permission:ApplicantDetails.Create": "Creating new Applicant",
    "Permission:ApplicantDetails.Edit": "Edit the Applicant",
    "Permission:ApplicantDetails.Delete": "Deleting the Applicant"
  }
}
